id,name,slug,region,continent,submitters,reviewers,rank,score,rank_2014,score_2014,rank_2013,score_2013
tw,Taiwan,taiwan,Asia,Asia,"[u'Daniela Mattern', u'Mor Rubinstein', u'Czester Chen', u'lycurgus kk', u'anonymous', u'TH Schee', u'Tryggvi Bj\xf6rgvinsson', u'Ying Chu Chen']","[u'Georg Neumann', u'Daniela Mattern', u'Gil Zaretzer', u'Kamil Gregor', u'Mor Rubinstein', u'Zach Christensen', u'anonymous', u'yar michl', u'Rebecca Sentance', u'Ying Chu Chen', u'Codrina Maria Ilie']",1,78,11,67,36,42
gb,United Kingdom,united-kingdom,Europe,Europe,"[u'Owen Boswarva', u'Daniela Mattern', u'Katelyn Rogers', u'Rufus Pollock', u'David Read', u'Peter Hicks', u'Mor Rubinstein', u'anonymous']","[u'Daniela Mattern', u'Katelyn Rogers', u'Kamil Gregor', u'Neal Bastek', u'Mor Rubinstein', u'Zach Christensen', u'anonymous', u'Nisha Thompson', u'yar michl', u'Rebecca Sentance', u'Peter Hicks', u'Tryggvi Bj\xf6rgvinsson', u'Codrina Maria Ilie']",2,76,1,97,1,94
dk,Denmark,denmark,Europe,Europe,"[u'Daniela Mattern', u'Asmen G\xfcl', u'Niels Erik Kaaber Rasmussen', u'Mor Rubinstein', u'anonymous', u'Christian Villum']","[u'Daniela Mattern', u'Kamil Gregor', u'Mor Rubinstein', u'Zach Christensen', u'anonymous', u'Nisha Thompson', u'yar michl', u'Rebecca Sentance', u'Tryggvi Bj\xf6rgvinsson', u'Codrina Maria Ilie']",3,70,2,83,2,87
co,Colombia,colombia,Americas,Americas,"[u'Gomezina L', u'Daniela Mattern', u'Juan Felipe Devia Rodriguez', u'Mor Rubinstein', u'yar michl', u'Tryggvi Bj\xf6rgvinsson']","[u'Oscar Montiel', u'Gomezina L', u'Georg Neumann', u'Daniela Mattern', u'Gil Zaretzer', u'Kamil Gregor', u'Mor Rubinstein', u'Zach Christensen', u'yar michl', u'Rebecca Sentance', u'Tryggvi Bj\xf6rgvinsson', u'Codrina Maria Ilie']",4,68,12,66,61,0
fi,Finland,finland,Europe,Europe,"[u'anonymous', u'Antti Jogi Poikola', u'Margit Suurhasko', u'Daniela Mattern', u'Mor Rubinstein', u'Jaakko Korhonen', u'Tryggvi Bj\xf6rgvinsson']","[u'Daniela Mattern', u'Georg Neumann', u'Antti Jogi Poikola', u'Gil Zaretzer', u'Kamil Gregor', u'Neal Bastek', u'Mor Rubinstein', u'Zach Christensen', u'anonymous', u'Nisha Thompson', u'yar michl', u'Rebecca Sentance', u'Tryggvi Bj\xf6rgvinsson', u'Codrina Maria Ilie']",5,67,4,73,7,72
au,Australia,australia,Oceania,Oceania,"[u'Alex Sadleir', u'Daniela Mattern', u'Stephen Gates', u'Mor Rubinstein', u'anonymous', u'Pia Waugh', u'Steven De Costa']","[u'Alex Sadleir', u'Georg Neumann', u'Daniela Mattern', u'Gil Zaretzer', u'Kamil Gregor', u'Tryggvi Bj\xf6rgvinsson', u'Mor Rubinstein', u'Zach Christensen', u'anonymous', u'Nisha Thompson', u'Rebecca Sentance', u'Neal Bastek', u'Codrina Maria Ilie']",5,67,5,72,9,66
uy,Uruguay,uruguay,Americas,Americas,"[u'Daniela Mattern', u'Pierre Chrzanowski', u'Tryggvi Bj\xf6rgvinsson', u'Daniel Carranza', u'anonymous']","[u'Georg Neumann', u'Daniela Mattern', u'Gil Zaretzer', u'Pierre Chrzanowski', u'Etcheverryorena L', u'Kamil Gregor', u'Tryggvi Bj\xf6rgvinsson', u'Mor Rubinstein', u'Zach Christensen', u'Nisha Thompson', u'yar michl', u'Rebecca Sentance', u'Neal Bastek', u'Codrina Maria Ilie']",7,66,13,66,61,0
us,United States,united-states,Americas,Americas,"[u'Daniela Mattern', u'Rufus Pollock', u'Blessing Jee', u'Mor Rubinstein', u'Rebecca Williams - XFB', u'anonymous', u'Tracey P. Lauriault']","[u'Tracey P. Lauriault', u'Georg Neumann', u'Daniela Mattern', u'Gil Zaretzer', u'Katelyn Rogers', u'Kamil Gregor', u'Neal Bastek', u'Mor Rubinstein', u'Zach Christensen', u'anonymous', u'Nisha Thompson', u'Rebecca Sentance', u'Tryggvi Bj\xf6rgvinsson', u'Codrina Maria Ilie']",8,64,8,70,2,87
nl,Netherlands,netherlands,Europe,Europe,"[u'anonymous', u'Daniela Mattern', u'Maarte n', u'Sander van der Waal', u'Pierre Chrzanowski', u'Tarek Amr', u'Mor Rubinstein', u'Ben Schaap', u'Arjan El Fassed', u'Stefan de Konink', u'Nisha Thompson', u'OpenState Contact']","[u'Georg Neumann', u'Daniela Mattern', u'Gil Zaretzer', u'Pierre Chrzanowski', u'Kamil Gregor', u'Neal Bastek', u'Mor Rubinstein', u'Zach Christensen', u'Arjan El Fassed', u'anonymous', u'Nisha Thompson', u'yar michl', u'Rebecca Sentance', u'Tryggvi Bj\xf6rgvinsson', u'Codrina Maria Ilie']",8,64,17,64,5,74
no,Norway,norway,Europe,Europe,"[u'Daniela Mattern', u'Mor Rubinstein', u'anonymous', u'Nisha Thompson', u'Geirmund Knutsen', u'Tryggvi Bj\xf6rgvinsson', u'Elianne Eggum', u'Bergheimivar L']","[u'Georg Neumann', u'Daniela Mattern', u'Kamil Gregor', u'Mor Rubinstein', u'Zach Christensen', u'anonymous', u'Nisha Thompson', u'Rebecca Sentance', u'Bergheimivar L', u'Tryggvi Bj\xf6rgvinsson', u'Codrina Maria Ilie']",10,63,7,71,4,76
fr,France,france,Europe,Europe,"[u'Claire-Marie Foulquier-Gazagnes', u'Georg Neumann', u'Daniela Mattern', u'Pierre Chrzanowski', u'anonymous', u'Regards Citoyens']","[u'Daniela Mattern', u'Gil Zaretzer', u'Pierre Chrzanowski', u'Kamil Gregor', u'Mor Rubinstein', u'Zach Christensen', u'anonymous', u'Nisha Thompson', u'Rebecca Sentance', u'Tryggvi Bj\xf6rgvinsson', u'Codrina Maria Ilie']",10,63,3,80,14,59
br,Brazil,brazil,Americas,Americas,"[u'Daniela Mattern', u'Rodrigo Brito', u'Augusto  Herrmann', u'Peter Krauss', u'anonymous', u'Everton Zanella Alvarenga', u'Felipe G. Nievinski', u'Tryggvi Bj\xf6rgvinsson']","[u'Georg Neumann', u'Daniela Mattern', u'Gil Zaretzer', u'Neal Bastek', u'Mor Rubinstein', u'Zach Christensen', u'anonymous', u'Nisha Thompson', u'yar michl', u'Rebecca Sentance', u'Tryggvi Bj\xf6rgvinsson', u'Codrina Maria Ilie']",12,61,26,54,24,48
ro,Romania,romania,Europe,Europe,"[u'Ovidiu Voicu', u'Mor Rubinstein', u'anonymous', u'Tracey P. Lauriault', u'Tryggvi Bj\xf6rgvinsson', u'Codrina Maria Ilie']","[u'Tracey P. Lauriault', u'Silviu Vert', u'Gil Zaretzer', u'Kamil Gregor', u'Mor Rubinstein', u'anonymous', u'Nisha Thompson', u'yar michl', u'Rebecca Sentance', u'Tryggvi Bj\xf6rgvinsson', u'Codrina Maria Ilie']",13,58,16,64,15,58
mx,Mexico,mexico,Americas,Americas,"[u'Juan M Casanueva', u'Enrique Zapata', u'Hayde\xe9 Quijano', u'Mor Rubinstein', u'Ricardo Pizzuto', u'anonymous', u'Carlos cc']","[u'Juan M Casanueva', u'Georg Neumann', u'Gil Zaretzer', u'Kamil Gregor', u'Mor Rubinstein', u'Zach Christensen', u'Enrique Zapata', u'Nisha Thompson', u'yar michl', u'Rebecca Sentance', u'anonymous', u'Neal Bastek', u'Codrina Maria Ilie']",13,58,28,53,26,47
im,Isle of Man,isle-of-man,Europe,Europe,"[u'Oleg Lavrovsky', u'Mor Rubinstein', u'Graeme Jones', u'anonymous', u'Tryggvi Bj\xf6rgvinsson', u'Codrina Maria Ilie']","[u'Georg Neumann', u'Gil Zaretzer', u'Graeme Jones', u'Kamil Gregor', u'Tryggvi Bj\xf6rgvinsson', u'Mor Rubinstein', u'Zach Christensen', u'anonymous', u'Nisha Thompson', u'yar michl', u'Rebecca Sentance', u'Neal Bastek', u'Codrina Maria Ilie']",15,57,21,60,17,55
bg,Bulgaria,bulgaria,Europe,Europe,"[u'Mor Rubinstein', u'Georg Neumann', u'Boyan Yurukov', u'anonymous', u'Nisha Thompson']","[u'Rayna St', u'Georg Neumann', u'Kamil Gregor', u'Mor Rubinstein', u'Zach Christensen', u'anonymous', u'Nisha Thompson', u'Rebecca Sentance', u'Tryggvi Bj\xf6rgvinsson', u'Codrina Maria Ilie']",16,56,51,41,20,52
ca,Canada,canada,Americas,Americas,"[u'Georg Neumann', u'Daniela Mattern', u'Mor Rubinstein', u'Caitlin Myles', u'anonymous', u'Frank Hangler', u'Tracey P. Lauriault', u'Neal Bastek', u'Codrina Maria Ilie']","[u'Tracey P. Lauriault', u'Georg Neumann', u'Daniela Mattern', u'Kamil Gregor', u'Mor Rubinstein', u'Zach Christensen', u'James McKinney', u'anonymous', u'Nisha Thompson', u'yar michl', u'Rebecca Sentance', u'Tryggvi Bj\xf6rgvinsson', u'Codrina Maria Ilie']",17,55,22,59,12,59
es,Spain,spain,Europe,Europe,"[u'Jos\xe9 F\xe9lix Onta\xf1\xf3n', u'Mor Rubinstein', u'Daniela Mattern', u'anonymous', u'datosgob .']","[u'Georg Neumann', u'Daniela Mattern', u'Kamil Gregor', u'Neal Bastek', u'Mor Rubinstein', u'Zach Christensen', u'anonymous', u'Nisha Thompson', u'Rebecca Sentance', u'Tryggvi Bj\xf6rgvinsson', u'Codrina Maria Ilie']",17,55,31,52,27,46
in,India,india,Asia,Asia,"[u'Daniela Mattern', u'Pierre Chrzanowski', u'Akhilesh Srivastava', u'Mor Rubinstein', u'anonymous', u'Shubhadip Biswas', u'SUSISahoo KUMAR L']","[u'Georg Neumann', u'Daniela Mattern', u'Pierre Chrzanowski', u'Kamil Gregor', u'Neal Bastek', u'Mor Rubinstein', u'anonymous', u'Nisha Thompson', u'Tryggvi Bj\xf6rgvinsson', u'Codrina Maria Ilie']",17,55,10,68,27,46
it,Italy,italy,Europe,Europe,"[u'Francesca De Chiara', u'Maurizio Napolitano', u'Mor Rubinstein', u'anonymous', u'Andrea Raimondi', u'Aurelio Cilia', u'Tryggvi Bj\xf6rgvinsson']","[u'Georg Neumann', u'Gil Zaretzer', u'Kamil Gregor', u'Neal Bastek', u'Maurizio Napolitano', u'Mor Rubinstein', u'Zach Christensen', u'anonymous', u'Nisha Thompson', u'yar michl', u'Rebecca Sentance', u'Tryggvi Bj\xf6rgvinsson', u'Codrina Maria Ilie']",17,55,25,55,21,52
cz,Czech Republic,czech-republic,Europe,Europe,"[u'Honza Cibulka', u'Georg Neumann', u'Michaela Rybi\u010dkov\xe1', u'J\xe1chym \u010cepick\xfd', u'Mor Rubinstein', u'anonymous', u'Ji\u0159\xed T\xe1borsk\xfd', u'Tryggvi Bj\xf6rgvinsson', u'Jakub M\xed\u0161ek']","[u'Michaela Rybi\u010dkov\xe1', u'Gil Zaretzer', u'Kamil Gregor', u'Neal Bastek', u'Mor Rubinstein', u'Zach Christensen', u'anonymous', u'Nisha Thompson', u'yar michl', u'Rebecca Sentance', u'Tryggvi Bj\xf6rgvinsson', u'Codrina Maria Ilie']",21,52,13,66,29,45
md,"Moldova, Republic of",moldova,Europe,Europe,"[u'Victoria Vlad', u'Mor Rubinstein', u'anonymous', u'yar michl', u'Tryggvi Bj\xf6rgvinsson', u'Codrina Maria Ilie']","[u'Ovidiu Voicu', u'Georg Neumann', u'Daniela Mattern', u'Kamil Gregor', u'Neal Bastek', u'Mor Rubinstein', u'Zach Christensen', u'anonymous', u'Nisha Thompson', u'Rebecca Sentance', u'Tryggvi Bj\xf6rgvinsson', u'Codrina Maria Ilie']",22,51,43,44,19,53
kr,"Korea, Republic of",south-korea,Asia,Asia,"[u'Young-Je Lim', u'Mor Rubinstein', u'Tryggvi Bj\xf6rgvinsson', u'anonymous', u'James G. Boram Kim']","[u'Georg Neumann', u'\uc601\ud0dd \ud64d', u'Gil Zaretzer', u'Kamil Gregor', u'Neal Bastek', u'Mor Rubinstein', u'Zach Christensen', u'anonymous', u'Nisha Thompson', u'yar michl', u'Rebecca Sentance', u'Tryggvi Bj\xf6rgvinsson', u'Codrina Maria Ilie']",23,50,28,53,32,43
at,Austria,austria,Europe,Europe,"[u'Oleg Lavrovsky', u'Daniela Mattern', u'Mathias Huter', u'anonymous', u'Martin Kaltenb\xf6ck', u'Tryggvi Bj\xf6rgvinsson']","[u'Georg Neumann', u'Daniela Mattern', u'Ploegerieke L', u'Gil Zaretzer', u'Kamil Gregor', u'Tryggvi Bj\xf6rgvinsson', u'Mor Rubinstein', u'Zach Christensen', u'anonymous', u'Nisha Thompson', u'yar michl', u'Rebecca Sentance', u'Neal Bastek', u'Codrina Maria Ilie']",23,50,23,59,23,51
sg,Singapore,singapore,Asia,Asia,"[u'Mor Rubinstein', u'Zhi Yuan Lim', u'anonymous']","[u'Georg Neumann', u'Kamil Gregor', u'Mor Rubinstein', u'Zach Christensen', u'anonymous', u'yar michl', u'Tryggvi Bj\xf6rgvinsson', u'Codrina Maria Ilie']",23,50,66,34,47,34
de,Germany,germany,Europe,Europe,"[u'Mara Mendes', u'Julia Kloiber', u'Daniela Mattern', u'walter palmetshofer', u'Mor Rubinstein', u'Michael H\xf6rz', u'anonymous', u'Sander van der Waal', u'Maximilian Heimst\xe4dt']","[u'Georg Neumann', u'Daniela Mattern', u'Gil Zaretzer', u'Stephen Gates', u'Mor Rubinstein', u'Zach Christensen', u'Daniel Dietrich', u'Kamil Gregor', u'anonymous', u'Nisha Thompson', u'yar michl', u'Rebecca Sentance', u'Tryggvi Bj\xf6rgvinsson', u'Sander van der Waal', u'Codrina Maria Ilie']",26,49,9,69,11,61
is,Iceland,iceland,Europe,Europe,"[u'Yuhan Ma', u'Daniela Mattern', u'Svavar Kjarrval', u'P\xe1ll Hilmarsson', u'Mor Rubinstein', u'anonymous', u'Tryggvi Bj\xf6rgvinsson']","[u'Georg Neumann', u'Daniela Mattern', u'Gil Zaretzer', u'Kamil Gregor', u'Neal Bastek', u'P\xe1ll Hilmarsson', u'Mor Rubinstein', u'Zach Christensen', u'anonymous', u'Nisha Thompson', u'yar michl', u'Rebecca Sentance', u'Tryggvi Bj\xf6rgvinsson', u'Codrina Maria Ilie']",27,48,17,64,17,55
se,Sweden,sweden,Europe,Europe,"[u'Daniela Mattern', u'Peter Krantz', u'Asmen G\xfcl', u'Niels Erik Kaaber Rasmussen', u'anonymous', u'Tryggvi Bj\xf6rgvinsson', u'Codrina Maria Ilie']","[u'Georg Neumann', u'Daniela Mattern', u'Gil Zaretzer', u'Niels Erik Kaaber Rasmussen', u'Kamil Gregor', u'Neal Bastek', u'Mor Rubinstein', u'Zach Christensen', u'anonymous', u'Nisha Thompson', u'yar michl', u'Rebecca Sentance', u'Tryggvi Bj\xf6rgvinsson', u'Codrina Maria Ilie']",27,48,13,66,8,67
ch,Switzerland,switzerland,Europe,Europe,"[u'Oleg Lavrovsky', u'anonymous', u'Tryggvi Bj\xf6rgvinsson', u'Daniela Mattern']","[u'Oleg Lavrovsky', u'Georg Neumann', u'Daniela Mattern', u'Gil Zaretzer', u'Kamil Gregor', u'Mor Rubinstein', u'Zach Christensen', u'Stephen Gates', u'anonymous', u'Nisha Thompson', u'yar michl', u'Rebecca Sentance', u'Tryggvi Bj\xf6rgvinsson', u'Codrina Maria Ilie']",29,47,24,58,12,59
cl,Chile,chile,Americas,Americas,"[u'Ahumada Abrigouis Alberto L', u'Leclercouis L', u'Daniela Tejada', u'IGNACIO ESTEBAN RUIZ', u'Diego Ignacio', u'Mor Rubinstein', u'anonymous', u'GONZAURIBE ESTELAO MANUEL L', u'Tryggvi Bj\xf6rgvinsson']","[u'Daniela Tejada', u'Georg Neumann', u'Gil Zaretzer', u'Kamil Gregor', u'Tryggvi Bj\xf6rgvinsson', u'Mor Rubinstein', u'Zach Christensen', u'Nisha Thompson', u'yar michl', u'Rebecca Sentance', u'Neal Bastek', u'Codrina Maria Ilie']",29,47,20,61,61,0
ie,Ireland,ireland,Europe,Europe,"[u'Denis Parfenov', u'Mor Rubinstein', u'Dave Corley', u'Richard Harris', u'anonymous', u'Tracey P. Lauriault', u'Tryggvi Bj\xf6rgvinsson']","[u'Tracey P. Lauriault', u'Georg Neumann', u'Kamil Gregor', u'Neal Bastek', u'Mor Rubinstein', u'Zach Christensen', u'anonymous', u'Nisha Thompson', u'yar michl', u'Rebecca Sentance', u'Tryggvi Bj\xf6rgvinsson', u'Codrina Maria Ilie']",31,46,36,48,41,40
jp,Japan,japan,Asia,Asia,"[u'Masayuki Hatta', u'Satoshi IIDA', u'Daniela Mattern', u'Masahiko SHOJI', u'Tryggvi Bj\xf6rgvinsson', u'Mor Rubinstein', u'anonymous', u'Tomoaki Watanabe']","[u'Masayuki Hatta', u'Georg Neumann', u'Daniela Mattern', u'Gil Zaretzer', u'Kamil Gregor', u'Mor Rubinstein', u'Zach Christensen', u'anonymous', u'Nisha Thompson', u'yar michl', u'Rebecca Sentance', u'Tryggvi Bj\xf6rgvinsson', u'Codrina Maria Ilie']",31,46,19,61,32,43
lv,Latvia,latvia,Europe,Europe,"[u'Mor Rubinstein', u'Toms Ce\u013cmillers', u'Uldis Bojars', u'Tryggvi Bj\xf6rgvinsson']","[u'Georg Neumann', u'Gil Zaretzer', u'Kamil Gregor', u'Neal Bastek', u'Mor Rubinstein', u'Zach Christensen', u'Nisha Thompson', u'yar michl', u'Rebecca Sentance', u'Tryggvi Bj\xf6rgvinsson', u'Codrina Maria Ilie']",31,46,34,51,61,0
kg,Kyrgyzstan,kyrgyzstan,Asia,Asia,Azamat Tokhtaev,"[u'Georg Neumann', u'Gil Zaretzer', u'Kamil Gregor', u'Tryggvi Bj\xf6rgvinsson', u'Mor Rubinstein', u'Zach Christensen', u'Nisha Thompson', u'yar michl', u'Rebecca Sentance', u'Neal Bastek', u'Codrina Maria Ilie']",34,44,98,0,61,0
be,Belgium,belgium,Europe,Europe,"[u'Pieter-Jan Pauwels', u'Deraesara L', u'Bert Van Nuffelen', u'anonymous', u'Pieter Colpaert', u'Tryggvi Bj\xf6rgvinsson']","[u'Pieter-Jan Pauwels', u'Georg Neumann', u'Gil Zaretzer', u'Kamil Gregor', u'Neal Bastek', u'Mor Rubinstein', u'Zach Christensen', u'anonymous', u'Nisha Thompson', u'yar michl', u'Rebecca Sentance', u'Tryggvi Bj\xf6rgvinsson', u'Codrina Maria Ilie']",35,43,53,39,56,27
ko,Kosovo,kosovo,Europe,Europe,"[u'Mor Rubinstein', u'Adis Ademi', u'Arianit Dobroshi', u'Tryggvi Bj\xf6rgvinsson', u'Kamil Gregor']","[u'Georg Neumann', u'Gil Zaretzer', u'Besfort Guri', u'Kamil Gregor', u'Mor Rubinstein', u'Zach Christensen', u'Stephen Gates', u'Nisha Thompson', u'yar michl', u'Rebecca Sentance', u'Tryggvi Bj\xf6rgvinsson', u'Codrina Maria Ilie']",35,43,31,52,61,0
jm,Jamaica,jamaica,Caribbean,Americas,"[u'Mor Rubinstein', u'Bruce HooFung', u'Bruce Hoo Fung', u'anonymous', u'Georg Neumann']","[u'Georg Neumann', u'Jenny Molloy', u'Gil Zaretzer', u'Kamil Gregor', u'Tryggvi Bj\xf6rgvinsson', u'Mor Rubinstein', u'Zach Christensen', u'Nisha Thompson', u'yar michl', u'Rebecca Sentance', u'Neal Bastek', u'Codrina Maria Ilie']",37,42,45,43,61,0
al,Albania,albania,Europe,Europe,"[u'Blerta Tuci', u'Codrina Maria Ilie']","[u'Georg Neumann', u'Gil Zaretzer', u'Kamil Gregor', u'Mor Rubinstein', u'Zach Christensen', u'Nisha Thompson', u'yar michl', u'Rebecca Sentance', u'Tryggvi Bj\xf6rgvinsson', u'Codrina Maria Ilie']",37,42,98,0,61,0
hk,Hong Kong,hong-kong,Asia,Asia,"[u'Rob Davidson', u'S.C. Edmunds', u'Pierre Chrzanowski', u'Tryggvi Bj\xf6rgvinsson', u'anonymous']","[u'Georg Neumann', u'FENG GAO', u'Gil Zaretzer', u'Kamil Gregor', u'Tryggvi Bj\xf6rgvinsson', u'Mor Rubinstein', u'Zach Christensen', u'anonymous', u'Nisha Thompson', u'yar michl', u'Rebecca Sentance', u'Neal Bastek', u'Codrina Maria Ilie']",37,42,54,38,56,27
lu,Luxembourg,luxembourg,Europe,Europe,"[u'Slim Turki', u'Guillaume Rischard']",Mor Rubinstein,40,41,98,0,61,0
id,Indonesia,indonesia,Asia,Asia,"[u'Diah Setiawaty', u'Mor Rubinstein', u'Farraz Theda', u'Ramda Yanurzha', u'anonymous', u'Yefta Sutanto']","[u'Georg Neumann', u'Gil Zaretzer', u'Kamil Gregor', u'Tryggvi Bj\xf6rgvinsson', u'Mor Rubinstein', u'Zach Christensen', u'Ramda Yanurzha', u'anonymous', u'Nisha Thompson', u'yar michl', u'Rebecca Sentance', u'Neal Bastek', u'Codrina Maria Ilie']",41,40,45,43,38,42
th,Thailand,thailand,Asia,Asia,"[u'anonymous', u'Surasak Suksathit', u'Klaikong Vaidhyakarn', u'Patipat Susumpow', u'Tryggvi Bj\xf6rgvinsson', u'Orachat Work']","[u'Georg Neumann', u'Gil Zaretzer', u'Kamil Gregor', u'Neal Bastek', u'Mor Rubinstein', u'Zach Christensen', u'Nisha Thompson', u'yar michl', u'Rebecca Sentance', u'Patipat Susumpow', u'Tryggvi Bj\xf6rgvinsson', u'Codrina Maria Ilie']",42,39,59,36,61,0
gr,Greece,greece,Europe,Europe,"[u'Charalampos Bratsas', u'Mor Rubinstein', u'Isidoros Passas', u'anonymous', u'Sotiris Karampatakis']","[u'Andreas P', u'Georg Neumann', u'Gil Zaretzer', u'Kamil Gregor', u'Tryggvi Bj\xf6rgvinsson', u'Mor Rubinstein', u'Zach Christensen', u'anonymous', u'Nisha Thompson', u'yar michl', u'Rebecca Sentance', u'Neal Bastek', u'Codrina Maria Ilie']",42,39,54,38,42,40
il,Israel,israel,Europe,Asia,"[u'Adam Kariv', u'Mor Rubinstein', u'Oleg Lavrovsky', u'ido ivri', u'anonymous']","[u'Georg Neumann', u'Gil Zaretzer', u'Kamil Gregor', u'Mor Rubinstein', u'Zach Christensen', u'anonymous', u'Nisha Thompson', u'yar michl', u'Rebecca Sentance', u'Tryggvi Bj\xf6rgvinsson', u'Codrina Maria Ilie']",44,38,40,46,25,48
rw,Rwanda,rwanda,Sub Saharan Africa,Africa,"[u'Stephen Abbott Pugh', u'Tryggvi Bj\xf6rgvinsson', u'anonymous']","[u'Georg Neumann', u'Gil Zaretzer', u'Kamil Gregor', u'Mor Rubinstein', u'Zach Christensen', u'Bruce Hoo Fung', u'yar michl', u'Rebecca Sentance', u'Tryggvi Bj\xf6rgvinsson', u'Codrina Maria Ilie']",44,38,74,28,61,0
pr,Puerto Rico,puerto-rico,Americas,Americas,"[u'Mor Rubinstein', u'anonymous', u'Instituto de Estad\xedsticas de Puerto Rico']","[u'Georg Neumann', u'Gil Zaretzer', u'Kamil Gregor', u'Neal Bastek', u'Mor Rubinstein', u'Zach Christensen', u'Nisha Thompson', u'yar michl', u'Rebecca Sentance', u'Tryggvi Bj\xf6rgvinsson', u'Codrina Maria Ilie']",44,38,98,0,61,0
tr,Turkey,turkey,Asia,Asia,"[u'Ay\u015feg\xfcl Eng\xfcr', u'Mor Rubinstein', u'Pinar Dag', u'anonymous', u'Nisha Thompson', u'Tryggvi Bj\xf6rgvinsson']","[u'Georg Neumann', u'berkin Akkocaoglu', u'Gil Zaretzer', u'Kamil Gregor', u'Mor Rubinstein', u'Zach Christensen', u'Stephen Gates', u'Nisha Thompson', u'yar michl', u'Rebecca Sentance', u'Tryggvi Bj\xf6rgvinsson', u'Codrina Maria Ilie']",47,37,30,53,61,0
ge,Georgia,georgia,Asia,Asia,"[u'Daniela Mattern', u'Kamil Gregor', u'Tryggvi Bj\xf6rgvinsson', u'Mor Rubinstein', u'Derek Dohler', u'yar michl', u'Eric Barrett']","[u'Georg Neumann', u'Daniela Mattern', u'Gil Zaretzer', u'Mathias Huter', u'Kamil Gregor', u'Neal Bastek', u'Mor Rubinstein', u'Zach Christensen', u'Nisha Thompson', u'Rebecca Sentance', u'Tryggvi Bj\xf6rgvinsson', u'Codrina Maria Ilie']",47,37,35,50,61,0
je,Jersey,jersey,Europe,Europe,"[u'Mor Rubinstein', u'Marcus Ferbrache']","[u'Gil Zaretzer', u'Neal Bastek', u'Mor Rubinstein', u'Nisha Thompson', u'yar michl', u'Rebecca Sentance', u'Tryggvi Bj\xf6rgvinsson', u'Codrina Maria Ilie']",49,36,None,None,None,None
gg,Guernsey,guernsey,Europe,Europe,"[u'Mor Rubinstein', u'Jason Magee', u'Marcus Ferbrache']","[u'Gil Zaretzer', u'Kamil Gregor', u'Neal Bastek', u'Mor Rubinstein', u'Zach Christensen', u'Nisha Thompson', u'yar michl', u'Rebecca Sentance', u'Tryggvi Bj\xf6rgvinsson', u'Codrina Maria Ilie']",50,35,None,None,None,None
kz,Kazakhstan,kazakhstan,Asia,Asia,"[u'Mor Rubinstein', u'Nazerke Akhmetzhanova', u'Tryggvi Bj\xf6rgvinsson']","[u'Georg Neumann', u'Gil Zaretzer', u'Kamil Gregor', u'Mor Rubinstein', u'Zach Christensen', u'Nisha Thompson', u'yar michl', u'Rebecca Sentance', u'Tryggvi Bj\xf6rgvinsson', u'Codrina Maria Ilie']",50,35,98,0,61,0
sk,Slovakia,slovakia,Europe,Europe,"[u'Mor Rubinstein', u'anonymous']","[u'Mor Rubinstein', u'Jano Suchal', u'anonymous']",50,35,61,35,43,39
py,Paraguay,paraguay,Americas,Americas,"[u'Juan Pane', u'Clara L\xf3pez', u'Guillermo Osorio', u'Rodrigo Valdez', u'Joan Andres Ruax Caballero', u'Mor Rubinstein', u'Julio Daniel Reyes', u'Martin Poletti', u'Pablo Lopez', u'anonymous', u'Tryggvi Bj\xf6rgvinsson']","[u'Juan Pane', u'Georg Neumann', u'Gil Zaretzer', u'Kamil Gregor', u'Tryggvi Bj\xf6rgvinsson', u'Mor Rubinstein', u'Zach Christensen', u'Nisha Thompson', u'yar michl', u'Rebecca Sentance', u'Neal Bastek', u'Codrina Maria Ilie']",50,35,41,45,61,0
za,South Africa,south-africa,Sub Saharan Africa,Africa,"[u'Adi Eyal', u'Daniela Mattern', u'Jason Norwood-Young', u'nina lewin', u'Mor Rubinstein', u'anonymous', u'Greg Kempe', u'Tryggvi Bj\xf6rgvinsson']","[u'Georg Neumann', u'Gil Zaretzer', u'Kamil Gregor', u'Mor Rubinstein', u'Zach Christensen', u'Stephen Gates', u'anonymous', u'Nisha Thompson', u'yar michl', u'Rebecca Sentance', u'Tryggvi Bj\xf6rgvinsson', u'Codrina Maria Ilie']",54,34,36,48,50,32
ar,Argentina,argentina,Americas,Americas,"[u'Yamila Garc\xeda', u'anonymous', u'Mart\xedn Szyszlican', u'Mor Rubinstein']","[u'Georg Neumann', u'Gil Zaretzer', u'Kamil Gregor', u'Tryggvi Bj\xf6rgvinsson', u'Mor Rubinstein', u'Zach Christensen', u'Nisha Thompson', u'yar michl', u'Rebecca Sentance', u'Silvana Fumega', u'Neal Bastek', u'Codrina Maria Ilie']",54,34,50,42,61,0
pt,Portugal,portugal,Europe,Europe,"[u'Ana Carvalho', u'anonymous', u'Miguel Laginha', u'Ricardo Lafuente', u'Aurelio Pires', u'Tryggvi Bj\xf6rgvinsson']","[u'Ricardo Lafuente', u'Miguel Laginha', u'Georg Neumann', u'Gil Zaretzer', u'Kamil Gregor', u'Neal Bastek', u'Mor Rubinstein', u'Zach Christensen', u'anonymous', u'Nisha Thompson', u'yar michl', u'Rebecca Sentance', u'Tryggvi Bj\xf6rgvinsson', u'Codrina Maria Ilie']",54,34,39,47,16,56
ua,Ukraine,ukraine,Europe,Europe,"[u'Mor Rubinstein', u'Georg Neumann', u'anonymous']","[u'Gil Zaretzer', u'Kamil Gregor', u'Neal Bastek', u'Mor Rubinstein', u'Zach Christensen', u'Nisha Thompson', u'yar michl', u'Rebecca Sentance', u'Tryggvi Bj\xf6rgvinsson', u'Codrina Maria Ilie']",54,34,None,None,None,None
sn,Senegal,senegal,Sub Saharan Africa,Africa,"[u'Mamadou Diagne', u'Mor Rubinstein', u'Pierre Chrzanowski', u'Georg Neumann', u'anonymous']","[u'Katelyn Rogers', u'Gil Zaretzer', u'Pierre Chrzanowski', u'Kamil Gregor', u'Neal Bastek', u'Mor Rubinstein', u'Zach Christensen', u'anonymous', u'Nisha Thompson', u'yar michl', u'Rebecca Sentance', u'Tryggvi Bj\xf6rgvinsson', u'Codrina Maria Ilie']",58,32,63,34,58,22
bf,Burkina Faso,burkina-faso,Sub Saharan Africa,Africa,"[u'Idriss TINTO', u'anonymous']","[u'Georg Neumann', u'Gil Zaretzer', u'Katelyn Rogers', u'Kamil Gregor', u'Tryggvi Bj\xf6rgvinsson', u'Mor Rubinstein', u'Zach Christensen', u'anonymous', u'Nisha Thompson', u'yar michl', u'Rebecca Sentance', u'Idriss TINTO', u'Neal Bastek', u'Codrina Maria Ilie']",58,32,59,36,44,37
ec,Ecuador,ecuador,Americas,Americas,"[u'Eduardo Bejar', u'Julio Lopez', u'Mariel Garc\xeda M', u'anonymous', u'Mor Rubinstein']","[u'Georg Neumann', u'Paula Alzualde', u'Kamil Gregor', u'Mor Rubinstein', u'Zach Christensen', u'Stephen Gates', u'anonymous', u'Nisha Thompson', u'yar michl', u'Rebecca Sentance', u'Mariel Garc\xeda M', u'Tryggvi Bj\xf6rgvinsson', u'Codrina Maria Ilie']",58,32,44,44,32,43
pk,Pakistan,pakistan,Asia,Asia,"[u'Mujtaba Hussain', u'Mor Rubinstein', u'Tryggvi Bj\xf6rgvinsson', u'anonymous', u'Nouman Nazim']","[u'Georg Neumann', u'Gil Zaretzer', u'Kamil Gregor', u'Nouman Nazim', u'Mor Rubinstein', u'Zach Christensen', u'Nisha Thompson', u'yar michl', u'Rebecca Sentance', u'Tryggvi Bj\xf6rgvinsson', u'Codrina Maria Ilie']",61,30,41,45,None,None
ru,Russian Federation,russia,Europe,Europe,"[u'Ivan Begtin', u'Tryggvi Bj\xf6rgvinsson', u'anonymous', u'\u0422\u0430\u0442\u044c\u044f\u043d\u0430 \u0422\u043e\u043b\u0441\u0442\u0435\u043d\u0435\u0432\u0430']","[u'Georg Neumann', u'Gil Zaretzer', u'Kamil Gregor', u'Neal Bastek', u'Ivan Begtin', u'Mor Rubinstein', u'Zach Christensen', u'anonymous', u'Nisha Thompson', u'yar michl', u'Rebecca Sentance', u'Tryggvi Bj\xf6rgvinsson', u'Codrina Maria Ilie']",61,30,45,43,32,43
ky,Cayman Islands,cayman-islands,Americas,Americas,Bruce Hoo Fung,"[u'Georg Neumann', u'Gil Zaretzer', u'Kamil Gregor', u'Tryggvi Bj\xf6rgvinsson', u'Mor Rubinstein', u'Zach Christensen', u'Nisha Thompson', u'yar michl', u'Rebecca Sentance', u'Neal Bastek', u'Codrina Maria Ilie']",61,30,None,None,None,None
bj,Benin,benin,Sub Saharan Africa,Africa,"[u'Nick Ingalls', u'Oleg Lavrovsky', u'Pierre Chrzanowski', u'Georg Neumann', u'anonymous']","[u'Oleg Lavrovsky', u'Gil Zaretzer', u'Kamil Gregor', u'Tryggvi Bj\xf6rgvinsson', u'Mamadou Diagne', u'Mor Rubinstein', u'Zach Christensen', u'Nisha Thompson', u'yar michl', u'Rebecca Sentance', u'Neal Bastek', u'Codrina Maria Ilie']",61,30,92,19,61,0
np,Nepal,nepal,Asia,Asia,"[u'Mor Rubinstein', u'Nikesh Balami', u'anonymous', u'Tryggvi Bj\xf6rgvinsson', u'Niroj Panta']","[u'Georg Neumann', u'Kshitiz Khanal', u'Gil Zaretzer', u'Kamil Gregor', u'Neal Bastek', u'Mor Rubinstein', u'Zach Christensen', u'anonymous', u'Nisha Thompson', u'yar michl', u'Rebecca Sentance', u'Tryggvi Bj\xf6rgvinsson', u'Codrina Maria Ilie']",61,30,63,34,52,30
bm,Bermuda,bermuda,Caribbean,Americas,"[u'Galipeauouis L', u'Pierre Chrzanowski', u'Mor Rubinstein', u'Andrew Simons', u'anonymous', u'Tryggvi Bj\xf6rgvinsson', u'Bruce Hoo Fung']","[u'Georg Neumann', u'Gil Zaretzer', u'Pierre Chrzanowski', u'Kamil Gregor', u'Tryggvi Bj\xf6rgvinsson', u'Mor Rubinstein', u'Zach Christensen', u'anonymous', u'Nisha Thompson', u'yar michl', u'Rebecca Sentance', u'Christian Villum', u'Neal Bastek', u'Codrina Maria Ilie']",66,29,63,34,45,36
om,Oman,oman,MENA,Asia,"[u'Rayna St', u'Riyadh Al-Balushi', u'Tryggvi Bj\xf6rgvinsson', u'Codrina Maria Ilie']","[u'Rayna St', u'Georg Neumann', u'Gil Zaretzer', u'Kamil Gregor', u'Tryggvi Bj\xf6rgvinsson', u'Tarek Amr', u'Mor Rubinstein', u'Zach Christensen', u'Nisha Thompson', u'yar michl', u'Rebecca Sentance', u'Neal Bastek', u'Codrina Maria Ilie']",66,29,93,18,None,None
cr,Costa Rica,costa-rica,Americas,Americas,"[u'Mor Rubinstein', u'Tryggvi Bj\xf6rgvinsson', u'Ignacio Alfaro', u'anonymous', u'Alejandro Sanabria', u'camila salazar']","[u'Oscar Montiel', u'Mariel Garc\xeda M', u'Georg Neumann', u'Gil Zaretzer', u'Kamil Gregor', u'Tryggvi Bj\xf6rgvinsson', u'Mor Rubinstein', u'Zach Christensen', u'anonymous', u'Nisha Thompson', u'yar michl', u'Sander van der Waal', u'Neal Bastek', u'Iris Palma', u'Codrina Maria Ilie']",66,29,54,38,46,35
mk,"Macedonia, the Former Yugoslav Republic of",macedonia,Europe,Europe,Metamorphosis Foundation,"[u'Georg Neumann', u'Daniela Mattern', u'Gil Zaretzer', u'Kamil Gregor', u'Mor Rubinstein', u'Zach Christensen', u'Stephen Gates', u'Nisha Thompson', u'yar michl', u'Rebecca Sentance', u'Tryggvi Bj\xf6rgvinsson', u'Codrina Maria Ilie']",69,28,61,35,61,0
bo,"Bolivia, Plurinational State of",bolivia,Americas,Americas,"[u'Mor Rubinstein', u'Mariana Leyton', u'FERNANDO MOLINA', u'anonymous', u'Fabi\xe1n Soria']","[u'Georg Neumann', u'Gil Zaretzer', u'Kamil Gregor', u'Mor Rubinstein', u'Zach Christensen', u'Nisha Thompson', u'yar michl', u'Tryggvi Bj\xf6rgvinsson', u'Codrina Maria Ilie']",69,28,98,0,61,0
ke,Kenya,kenya,Sub Saharan Africa,Africa,"[u'Oleg Lavrovsky', u'Serah Rono', u'Mor Rubinstein', u'anonymous', u'Christian Villum', u'Tryggvi Bj\xf6rgvinsson']","[u'Georg Neumann', u'Gil Zaretzer', u'Kamil Gregor', u'Tryggvi Bj\xf6rgvinsson', u'Mor Rubinstein', u'Zach Christensen', u'Bruce Hoo Fung', u'anonymous', u'Nisha Thompson', u'yar michl', u'Rebecca Sentance', u'Christian Villum', u'Neal Bastek']",71,27,85,22,59,20
lc,Saint Lucia,saint-lucia,Caribbean,Americas,"[u'Bruce Hoo Fung', u'anonymous']","[u'Georg Neumann', u'Gil Zaretzer', u'Kamil Gregor', u'Tryggvi Bj\xf6rgvinsson', u'Mor Rubinstein', u'Zach Christensen', u'Nisha Thompson', u'yar michl', u'Rebecca Sentance', u'Neal Bastek', u'Codrina Maria Ilie']",71,27,None,None,None,None
dm,Dominica,dominica,Caribbean,Americas,"[u'Mor Rubinstein', u'Veronne Nicholas', u'anonymous']","[u'Georg Neumann', u'Gil Zaretzer', u'Kamil Gregor', u'Tryggvi Bj\xf6rgvinsson', u'Mor Rubinstein', u'Zach Christensen', u'Nisha Thompson', u'yar michl', u'Neal Bastek', u'Codrina Maria Ilie']",71,27,98,0,61,0
gt,Guatemala,guatemala,Americas,Americas,"[u'Iscelle Marsicovetere', u'Stuardo Rodriguez', u'Joel Pe\xf1ate', u'Mor Rubinstein', u'anonymous', u'Julio Herrera', u'Tryggvi Bj\xf6rgvinsson']","[u'Oscar Montiel', u'Georg Neumann', u'Gil Zaretzer', u'Kamil Gregor', u'Tryggvi Bj\xf6rgvinsson', u'Mor Rubinstein', u'Zach Christensen', u'Nisha Thompson', u'yar michl', u'Rebecca Sentance', u'Neal Bastek', u'Codrina Maria Ilie']",71,27,69,33,61,0
sv,El Salvador,el-salvador,Americas,Americas,"[u'Mor Rubinstein', u'Hern\xe1ndez Quir\xf3sorena L', u'Iris Palma', u'anonymous']","[u'Georg Neumann', u'Gil Zaretzer', u'Kamil Gregor', u'Mor Rubinstein', u'Zach Christensen', u'Stephen Gates', u'Hern\xe1ndez Quir\xf3sorena L', u'Nisha Thompson', u'yar michl', u'Rebecca Sentance', u'Tryggvi Bj\xf6rgvinsson', u'Codrina Maria Ilie']",71,27,57,37,61,0
ma,Morocco,morocco,MENA,Africa,"[u'Rayna St', u'azeddine zroura', u'Chadi Nanaa', u'Tarek Amr', u'Mor Rubinstein', u'anonymous', u'Anass Beddi']","[u'Rayna St', u'Georg Neumann', u'Gil Zaretzer', u'Kamil Gregor', u'Mor Rubinstein', u'Zach Christensen', u'Stephen Gates', u'Nisha Thompson', u'yar michl', u'Rebecca Sentance', u'Tryggvi Bj\xf6rgvinsson', u'Codrina Maria Ilie']",76,26,79,25,None,None
do,Dominican Republic,dominican-republic,Caribbean,Americas,"[u'Eliaqu\xedn Encarnaci\xf3n', u'anonymous', u'Tryggvi Bj\xf6rgvinsson', u'Kamil Gregor']","[u'Georg Neumann', u'Gil Zaretzer', u'Kamil Gregor', u'Neal Bastek', u'Mor Rubinstein', u'Zach Christensen', u'Nisha Thompson', u'Rebecca Sentance', u'Tryggvi Bj\xf6rgvinsson', u'Codrina Maria Ilie']",76,26,98,0,61,0
ph,Philippines,philippines,Asia,Asia,"[u'Jo De Guia', u'Daniela Mattern', u'anonymous', u'Tryggvi Bj\xf6rgvinsson']","[u'Happy Feraren', u'Georg Neumann', u'Daniela Mattern', u'Gil Zaretzer', u'Kamil Gregor', u'Mor Rubinstein', u'Zach Christensen', u'Nisha Thompson', u'yar michl', u'Rebecca Sentance', u'Tryggvi Bj\xf6rgvinsson', u'Codrina Maria Ilie']",78,25,71,31,61,0
cm,Cameroon,cameroon,Sub Saharan Africa,Africa,"[u'Katelyn Rogers', u'Charlie Martial NGOUNOU', u'anonymous', u'Nick Ingalls', u'Jean Brice TETKA', u'Tryggvi Bj\xf6rgvinsson']","[u'Georg Neumann', u'Gil Zaretzer', u'Katelyn Rogers', u'Stephen Gates', u'Mor Rubinstein', u'Zach Christensen', u'Kamil Gregor', u'Nisha Thompson', u'yar michl', u'Rebecca Sentance', u'Idriss TINTO', u'Tryggvi Bj\xf6rgvinsson']",78,25,84,23,61,0
bh,Bahrain,bahrain,MENA,Asia,Riyadh Al-Balushi,"[u'Georg Neumann', u'Gil Zaretzer', u'Kamil Gregor', u'Neal Bastek', u'Mor Rubinstein', u'Zach Christensen', u'Nisha Thompson', u'yar michl', u'Rebecca Sentance', u'Tryggvi Bj\xf6rgvinsson', u'Codrina Maria Ilie']",78,25,None,None,None,None
az,Azerbaijan,azerbaijan,Asia,Asia,"[u'Mor Rubinstein', u'Codrina Maria Ilie']","[u'Georg Neumann', u'Gil Zaretzer', u'Kamil Gregor', u'Tryggvi Bj\xf6rgvinsson', u'Mor Rubinstein', u'Zach Christensen', u'Nisha Thompson', u'yar michl', u'Rebecca Sentance', u'Neal Bastek', u'Codrina Maria Ilie']",78,25,98,0,61,0
gy,Guyana,guyana,Americas,Americas,"[u'Mor Rubinstein', u'Bruce Hoo Fung', u'anonymous']","[u'Georg Neumann', u'Gil Zaretzer', u'Kamil Gregor', u'Neal Bastek', u'Mor Rubinstein', u'Zach Christensen', u'Nisha Thompson', u'yar michl', u'Rebecca Sentance', u'Tryggvi Bj\xf6rgvinsson', u'Codrina Maria Ilie']",82,23,98,0,61,0
tt,Trinidad and Tobago,trinidad-and-tobago,Caribbean,Americas,"[u'Matthew McNaughton', u'Mor Rubinstein', u'Bruce Hoo Fung', u'Tryggvi Bj\xf6rgvinsson']","[u'Georg Neumann', u'Gil Zaretzer', u'Kamil Gregor', u'Mor Rubinstein', u'Zach Christensen', u'Nisha Thompson', u'Rebecca Sentance', u'Tryggvi Bj\xf6rgvinsson', u'Codrina Maria Ilie']",83,22,98,0,61,0
eg,Egypt,egypt,MENA,Africa,"[u'Rayna St', u'Sadeek Hasna', u'Tarek Amr', u'Mor Rubinstein', u'Riyadh Al-Balushi', u'anonymous', u'Tryggvi Bj\xf6rgvinsson']","[u'Rayna St', u'Georg Neumann', u'Gil Zaretzer', u'Riyadh Al-Balushi', u'Neal Bastek', u'Mor Rubinstein', u'Zach Christensen', u'anonymous', u'Nisha Thompson', u'Rebecca Sentance', u'Tryggvi Bj\xf6rgvinsson', u'Codrina Maria Ilie']",83,22,81,25,51,31
tj,Tajikistan,tajikistan,Asia,Asia,"[u'Asomiddin Atoev', u'anonymous']","[u'Georg Neumann', u'Gil Zaretzer', u'Kamil Gregor', u'Mor Rubinstein', u'Zach Christensen', u'Daniel Dietrich', u'Nisha Thompson', u'yar michl', u'Rebecca Sentance', u'Tryggvi Bj\xf6rgvinsson', u'Codrina Maria Ilie']",83,22,98,0,61,0
tn,Tunisia,tunisia,MENA,Africa,"[u'Rayna St', u'Kamel Abdellaoui', u'Katelyn Rogers', u'Yosr Jouini', u'Tarek Amr', u'anonymous']","[u'Rayna St', u'Georg Neumann', u'Gil Zaretzer', u'Kamil Gregor', u'Mor Rubinstein', u'Zach Christensen', u'Stephen Gates', u'anonymous', u'Nisha Thompson', u'yar michl', u'Rebecca Sentance', u'Tryggvi Bj\xf6rgvinsson', u'Codrina Maria Ilie']",86,21,66,34,52,30
qa,Qatar,qatar,MENA,Asia,"[u'Tarek Amr', u'Riyadh Al-Balushi']","[u'Georg Neumann', u'Gil Zaretzer', u'Kamil Gregor', u'Neal Bastek', u'Tarek Amr', u'Mor Rubinstein', u'Zach Christensen', u'Nisha Thompson', u'yar michl', u'Rebecca Sentance', u'Tryggvi Bj\xf6rgvinsson', u'Codrina Maria Ilie']",86,21,98,0,61,0
jo,Jordan,jordan,MENA,Asia,"[u'Tarek Amr', u'anonymous', u'Tryggvi Bj\xf6rgvinsson', u'Sadeek Hasna']","[u'Georg Neumann', u'Gil Zaretzer', u'Kamil Gregor', u'Neal Bastek', u'Mor Rubinstein', u'Zach Christensen', u'Nisha Thompson', u'yar michl', u'Rebecca Sentance', u'Tryggvi Bj\xf6rgvinsson', u'Codrina Maria Ilie']",88,20,None,None,None,None
pa,Panama,panama,Americas,Americas,"[u'HAMZAH HAJI', u'Ivan Barria Grimaldo', u'L\xf3pezuis L', u'Pierre Chrzanowski', u'Mor Rubinstein', u'Carlos Raul Piad T', u'Maria Isabel Vega']","[u'Georg Neumann', u'Gil Zaretzer', u'Pierre Chrzanowski', u'Kamil Gregor', u'Neal Bastek', u'Mor Rubinstein', u'Zach Christensen', u'Nisha Thompson', u'yar michl', u'Rebecca Sentance', u'Mariel Garc\xeda M', u'Tryggvi Bj\xf6rgvinsson', u'Codrina Maria Ilie']",88,20,79,25,61,0
bw,Botswana,botswana,Sub Saharan Africa,Africa,"[u'Mor Rubinstein', u'danny wilson', u'Tryggvi Bj\xf6rgvinsson', u'anonymous']","[u'Georg Neumann', u'Gil Zaretzer', u'Kamil Gregor', u'Neal Bastek', u'Mor Rubinstein', u'Zach Christensen', u'Nisha Thompson', u'yar michl', u'Rebecca Sentance', u'Christian Villum', u'Tryggvi Bj\xf6rgvinsson', u'Codrina Maria Ilie']",90,19,88,21,61,0
tz,"Tanzania, United Republic of",tanzania,Sub Saharan Africa,Africa,"[u'Tryggvi Bj\xf6rgvinsson', u'Pierre Chrzanowski', u'Georg Neumann', u'anonymous', u'Joachim Mangilima']","[u'Joachim Mangilima', u'Gil Zaretzer', u'Pierre Chrzanowski', u'Kamil Gregor', u'Mor Rubinstein', u'Zach Christensen', u'Stephen Gates', u'Nisha Thompson', u'yar michl', u'Rebecca Sentance', u'Tryggvi Bj\xf6rgvinsson', u'Codrina Maria Ilie']",90,19,88,21,61,0
ml,Mali,mali,Sub Saharan Africa,Africa,"[u'Margo Thierry', u'Pierre Chrzanowski', u'Ousmane Ly', u'Renaud Gaudin', u'Tidiane Ball', u'anonymous', u'Nick Ingalls']","[u'Margo Thierry', u'Georg Neumann', u'Gil Zaretzer', u'Pierre Chrzanowski', u'Kamil Gregor', u'Tryggvi Bj\xf6rgvinsson', u'Mor Rubinstein', u'Zach Christensen', u'Nisha Thompson', u'yar michl', u'Rebecca Sentance', u'Neal Bastek', u'Codrina Maria Ilie']",90,19,96,12,61,0
cn,China,china,Asia,Asia,"[u'FENG GAO', u'OKFN CN', u'Pierre Chrzanowski', u'anonymous']","[u'Georg Neumann', u'FENG GAO', u'Gil Zaretzer', u'Kamil Gregor', u'Tryggvi Bj\xf6rgvinsson', u'Mor Rubinstein', u'Zach Christensen', u'anonymous', u'Nisha Thompson', u'yar michl', u'Rebecca Sentance', u'Neal Bastek', u'Codrina Maria Ilie']",93,18,58,37,38,42
tl,Timor-Leste,timor-Leste,asia,asia,"[u'Mor Rubinstein', u'Tryggvi Bj\xf6rgvinsson', u'anonymous']","[u'Georg Neumann', u'Gil Zaretzer', u'Kamil Gregor', u'Mor Rubinstein', u'Zach Christensen', u'Stephen Gates', u'Nisha Thompson', u'yar michl', u'Rebecca Sentance', u'Tryggvi Bj\xf6rgvinsson', u'Codrina Maria Ilie']",93,18,98,0,61,0
kw,Kuwait,kuwait,MENA,Asia,"[u'Tarek Amr', u'Sadeek Hasna']","[u'Georg Neumann', u'Gil Zaretzer', u'Kamil Gregor', u'Tryggvi Bj\xf6rgvinsson', u'Mor Rubinstein', u'Zach Christensen', u'Nisha Thompson', u'yar michl', u'Rebecca Sentance', u'Neal Bastek', u'Codrina Maria Ilie']",93,18,98,0,61,0
tg,Togo,togo,Sub Saharan Africa,Africa,"[u'Richard Komlan Folly', u'anonymous', u'Mor Rubinstein']","[u'Georg Neumann', u'Gil Zaretzer', u'Kamil Gregor', u'Mor Rubinstein', u'Zach Christensen', u'Stephen Gates', u'Nisha Thompson', u'yar michl', u'Rebecca Sentance', u'Tryggvi Bj\xf6rgvinsson', u'Codrina Maria Ilie']",96,17,98,0,61,0
ms,Montserrat,montserrat,Caribbean,Americas,"[u'Bruce Hoo Fung', u'anonymous', u'Tryggvi Bj\xf6rgvinsson']","[u'Georg Neumann', u'Gil Zaretzer', u'Kamil Gregor', u'Tryggvi Bj\xf6rgvinsson', u'Mor Rubinstein', u'Zach Christensen', u'Nisha Thompson', u'yar michl', u'Rebecca Sentance', u'Neal Bastek', u'Codrina Maria Ilie']",96,17,98,0,61,0
ci,CÃ´te d'Ivoire,cote-divoire,Sub Saharan Africa,Africa,"[u'Daniela Mattern', u'Katelyn Rogers', u'Mor Rubinstein', u'anonymous', u'Sarah Clavel', u'Nick Ingalls']","[u'Margo Thierry', u'Georg Neumann', u'Daniela Mattern', u'Gil Zaretzer', u'Katelyn Rogers', u'Kamil Gregor', u'Mor Rubinstein', u'Zach Christensen', u'Nisha Thompson', u'yar michl', u'Rebecca Sentance', u'Tryggvi Bj\xf6rgvinsson', u'Codrina Maria Ilie']",98,16,78,26,61,0
lb,Lebanon,lebanon,MENA,Asia,"[u'Sadeek Hasna', u'Chafic Najjar', u'Ploegerieke L', u'Tarek Amr', u'anonymous', u'Tryggvi Bj\xf6rgvinsson']","[u'Georg Neumann', u'Gil Zaretzer', u'Kamil Gregor', u'Mor Rubinstein', u'Zach Christensen', u'Stephen Gates', u'Nisha Thompson', u'yar michl', u'Rebecca Sentance', u'Tryggvi Bj\xf6rgvinsson', u'Codrina Maria Ilie']",98,16,85,22,61,0
ae,United Arab Emirates,united-arab-emirates,MENA,UAE,"[u'Tarek Amr', u'Riyadh Al-Balushi', u'anonymous']","[u'Georg Neumann', u'Gil Zaretzer', u'Kamil Gregor', u'Tarek Amr', u'Mor Rubinstein', u'Zach Christensen', u'Stephen Gates', u'Nisha Thompson', u'yar michl', u'Rebecca Sentance', u'Tryggvi Bj\xf6rgvinsson', u'Codrina Maria Ilie']",98,16,None,None,None,None
gn,Guinea,guinea,Sub Saharan Africa,Africa,"[u'DIAAboubacarLO L', u'Oleg Lavrovsky', u'Pierre Chrzanowski', u'anonymous', u'Nick Ingalls']","[u'Oleg Lavrovsky', u'Georg Neumann', u'Gil Zaretzer', u'Pierre Chrzanowski', u'Kamil Gregor', u'Mor Rubinstein', u'Zach Christensen', u'Stephen Gates', u'Nisha Thompson', u'yar michl', u'Rebecca Sentance', u'Tryggvi Bj\xf6rgvinsson', u'Codrina Maria Ilie']",98,16,97,10,61,0
ne,Niger,niger,Sub Saharan Africa,Africa,anonymous,"[u'Georg Neumann', u'Gil Zaretzer', u'Mor Rubinstein', u'Zach Christensen', u'Nisha Thompson', u'yar michl', u'Rebecca Sentance', u'Tryggvi Bj\xf6rgvinsson', u'Codrina Maria Ilie']",98,16,98,0,61,0
sa,Saudi Arabia,saudi-arabia,MENA,Asia,"[u'Tarek Amr', u'Riyadh Al-Balushi', u'anonymous']","[u'Georg Neumann', u'Gil Zaretzer', u'Kamil Gregor', u'Neal Bastek', u'Mor Rubinstein', u'Zach Christensen', u'anonymous', u'Nisha Thompson', u'yar michl', u'Rebecca Sentance', u'Tryggvi Bj\xf6rgvinsson', u'Codrina Maria Ilie']",103,15,74,28,54,28
gd,Grenada,grenada,Caribbean,Americas,"[u'Bruce Hoo Fung', u'anonymous']","[u'Georg Neumann', u'Gil Zaretzer', u'Kamil Gregor', u'Tryggvi Bj\xf6rgvinsson', u'Mor Rubinstein', u'Zach Christensen', u'Nisha Thompson', u'yar michl', u'Rebecca Sentance', u'Neal Bastek', u'Codrina Maria Ilie']",103,15,98,0,61,0
vc,St. Vincent & the Grenadines,st.-Vincent-and-the-Grenadines,Caribbean,None,"[u'Mor Rubinstein', u'Bruce Hoo Fung', u'anonymous', u'Tryggvi Bj\xf6rgvinsson']","[u'Georg Neumann', u'Gil Zaretzer', u'Kamil Gregor', u'Tryggvi Bj\xf6rgvinsson', u'Mor Rubinstein', u'Zach Christensen', u'Nisha Thompson', u'yar michl', u'Rebecca Sentance', u'Neal Bastek', u'Codrina Maria Ilie']",105,14,98,0,61,0
aw,Aruba,aruba,Americas,Americas,"[u'Mor Rubinstein', u'Bruce Hoo Fung', u'Kimberly Soares']","[u'Georg Neumann', u'Gil Zaretzer', u'Kamil Gregor', u'Tryggvi Bj\xf6rgvinsson', u'Mor Rubinstein', u'Zach Christensen', u'Nisha Thompson', u'Rebecca Sentance', u'Neal Bastek', u'Codrina Maria Ilie']",106,13,98,0,61,0
et,Ethiopia,ethiopia,Sub Saharan Africa,Africa,"[u'Mor Rubinstein', u'Solomon Mekonnen', u'anonymous']","[u'Georg Neumann', u'Kamil Gregor', u'Neal Bastek', u'Mor Rubinstein', u'Zach Christensen', u'Bruce Hoo Fung', u'yar michl', u'Rebecca Sentance', u'Tryggvi Bj\xf6rgvinsson', u'Codrina Maria Ilie']",106,13,98,0,61,0
kh,Cambodia,cambodia,Asia,Asia,"[u'Vantharith Oum', u'Tryggvi Bj\xf6rgvinsson', u'anonymous']","[u'Georg Neumann', u'Vantharith Oum', u'Gil Zaretzer', u'Kamil Gregor', u'Mor Rubinstein', u'Zach Christensen', u'Stephen Gates', u'Nisha Thompson', u'yar michl', u'Rebecca Sentance', u'Tryggvi Bj\xf6rgvinsson', u'Codrina Maria Ilie']",108,12,77,27,61,0
bb,Barbados,barbados,Americas,Americas,"[u'Mor Rubinstein', u'Bruce Hoo Fung', u'anonymous']","[u'Georg Neumann', u'Gil Zaretzer', u'Kamil Gregor', u'Mor Rubinstein', u'Zach Christensen', u'Nisha Thompson', u'yar michl', u'Rebecca Sentance', u'Tryggvi Bj\xf6rgvinsson', u'Codrina Maria Ilie']",109,11,None,None,None,None
bs,Bahamas,bahamas,Americas,Americas,"[u'Bruce Hoo Fung', u'anonymous']","[u'Georg Neumann', u'Gil Zaretzer', u'Kamil Gregor', u'Tryggvi Bj\xf6rgvinsson', u'Mor Rubinstein', u'Zach Christensen', u'Nisha Thompson', u'yar michl', u'Rebecca Sentance', u'Neal Bastek', u'Codrina Maria Ilie']",109,11,None,None,None,None
iq,Iraq,iraq,MENA,Asia,"[u'Tarek Amr', u'anonymous', u'Sadeek Hasna']","[u'Georg Neumann', u'Gil Zaretzer', u'Kamil Gregor', u'Mor Rubinstein', u'Zach Christensen', u'Stephen Gates', u'Nisha Thompson', u'yar michl', u'Rebecca Sentance', u'Tryggvi Bj\xf6rgvinsson', u'Codrina Maria Ilie']",109,11,98,0,61,0
my,Malaysia,malaysia,Asia,Asia,"[u'Hazwany Jamaluddin', u'anonymous']","[u'Georg Neumann', u'Gil Zaretzer', u'Kamil Gregor', u'Neal Bastek', u'Mor Rubinstein', u'Zach Christensen', u'Nisha Thompson', u'yar michl', u'Rebecca Sentance', u'Tryggvi Bj\xf6rgvinsson', u'Codrina Maria Ilie']",112,10,98,0,61,0
ng,Nigeria,nigeria,Sub Saharan Africa,Africa,"[u'Pieter Colpaert', u'Mor Rubinstein', u'Tryggvi Bj\xf6rgvinsson', u'anonymous', u'Oludotun Babayemi']","[u'Oluseun Onigbinde', u'Georg Neumann', u'Gil Zaretzer', u'Kamil Gregor', u'Mor Rubinstein', u'Zach Christensen', u'Stephen Gates', u'anonymous', u'Nisha Thompson', u'yar michl', u'Rebecca Sentance', u'Tryggvi Bj\xf6rgvinsson', u'Codrina Maria Ilie']",113,9,73,29,55,28
sd,Sudan,sudan,MENA,Africa,"[u'Riyadh Al-Balushi', u'Sadeek Hasna']","[u'Georg Neumann', u'Gil Zaretzer', u'Kamil Gregor', u'Mor Rubinstein', u'Zach Christensen', u'Stephen Gates', u'Nisha Thompson', u'yar michl', u'Rebecca Sentance', u'Tryggvi Bj\xf6rgvinsson', u'Codrina Maria Ilie']",113,9,98,0,61,0
tc,Turks and Caicos Islands,turks-and-caicos-islands,Caribbean,Americas,"[u'Mor Rubinstein', u'Bruce Hoo Fung']","[u'Georg Neumann', u'Gil Zaretzer', u'Neal Bastek', u'Mor Rubinstein', u'Zach Christensen', u'Nisha Thompson', u'yar michl', u'Rebecca Sentance', u'Tryggvi Bj\xf6rgvinsson', u'Codrina Maria Ilie']",113,9,None,None,None,None
ag,Antigua and Barbuda,antigua-and-barbuda,Americas,Americas,"[u'Bruce Hoo Fung', u'anonymous']","[u'Georg Neumann', u'Gil Zaretzer', u'Kamil Gregor', u'Tryggvi Bj\xf6rgvinsson', u'Mor Rubinstein', u'Zach Christensen', u'Nisha Thompson', u'yar michl', u'Rebecca Sentance', u'Neal Bastek', u'Codrina Maria Ilie']",116,8,98,0,61,0
dz,Algeria,algeria,MENA,Africa,"[u'Tarek Amr', u'Aldja Computer', u'Tryggvi Bj\xf6rgvinsson']","[u'Georg Neumann', u'Gil Zaretzer', u'Kamil Gregor', u'Mor Rubinstein', u'Zach Christensen', u'Stephen Gates', u'Nisha Thompson', u'yar michl', u'Rebecca Sentance', u'Tryggvi Bj\xf6rgvinsson', u'Codrina Maria Ilie']",117,7,98,0,61,0
ir,"Iran, Islamic Republic of",iran,MENA,Asia,Tarek Amr,"[u'Georg Neumann', u'Gil Zaretzer', u'Kamil Gregor', u'Tryggvi Bj\xf6rgvinsson', u'Mor Rubinstein', u'Zach Christensen', u'Nisha Thompson', u'yar michl', u'Rebecca Sentance', u'Neal Bastek', u'Codrina Maria Ilie']",117,7,98,0,61,0
kn,Saint Kitts and Nevis,saint-kitts-and-nevis,Caribbean,Americas,Bruce Hoo Fung,"[u'Georg Neumann', u'Gil Zaretzer', u'Kamil Gregor', u'Tryggvi Bj\xf6rgvinsson', u'Mor Rubinstein', u'Zach Christensen', u'Nisha Thompson', u'yar michl', u'Rebecca Sentance', u'Neal Bastek', u'Codrina Maria Ilie']",117,7,None,None,None,None
ly,Libya,libya,MENA,Africa,"[u'Tarek Amr', u'Maraim Elbadri']","[u'Georg Neumann', u'Gil Zaretzer', u'Kamil Gregor', u'Mor Rubinstein', u'Zach Christensen', u'Stephen Gates', u'Nisha Thompson', u'yar michl', u'Rebecca Sentance', u'Tryggvi Bj\xf6rgvinsson', u'Codrina Maria Ilie']",120,6,None,None,None,None
sy,Syria,syria,MENA,Asia,"[u'Tarek Amr', u'Mor Rubinstein', u'Georg Neumann', u'Sadeek Hasna']","[u'Georg Neumann', u'Gil Zaretzer', u'Kamil Gregor', u'Mor Rubinstein', u'Zach Christensen', u'Stephen Gates', u'Nisha Thompson', u'Rebecca Sentance', u'Tryggvi Bj\xf6rgvinsson', u'Codrina Maria Ilie']",121,5,98,0,61,0
mm,Myanmar,myanmar,Asia,Asia,"[u'YE HTUT WIN', u'Tryggvi Bj\xf6rgvinsson', u'anonymous']","[u'Georg Neumann', u'Kamil Gregor', u'Tryggvi Bj\xf6rgvinsson', u'Mor Rubinstein', u'Zach Christensen', u'Nisha Thompson', u'yar michl', u'Rebecca Sentance', u'Neal Bastek', u'Codrina Maria Ilie']",122,3,98,0,61,0
nz,New Zealand,new-zealand,Oceania,Oceania,"[u'Mark Heseltine', u'Tryggvi Bj\xf6rgvinsson', u'Daniela Mattern', u'anonymous']","[u'Mor Rubinstein', u'Alex Sadleir', u'anonymous', u'Daniela Mattern']",123,0,5,72,9,66
si,Slovenia,slovenia,Europe,Europe,"[u'Marieke Guy', u'Mor Rubinstein', u'anonymous', u'Tryggvi Bj\xf6rgvinsson', u'Daniela Mattern']","[u'Mor Rubinstein', u'anonymous', u'Daniela Mattern']",123,0,26,54,6,73
hu,Hungary,hungary,Europe,Europe,"[u'Mor Rubinstein', u'anonymous', u'Anna Orosz']","[u'anonymous', u'Julia Keser\u0171']",123,0,38,48,38,42
mt,Malta,malta,Europe,Europe,anonymous,anonymous,123,0,31,52,21,52
rs,Serbia,serbia,Europe,Europe,"[u'Stevan Gostoji\u0107', u'Mor Rubinstein', u'Tryggvi Bj\xf6rgvinsson', u'anonymous']","[u'Mor Rubinstein', u'anonymous', u'Bojana Dzulovic']",123,0,48,42,31,44
pl,Poland,poland,Europe,Europe,anonymous,anonymous,123,0,48,42,36,42
hr,Croatia,croatia,Europe,Europe,"[u'Miroslav Schlossberg', u'Drazen Hoffmann', u'Tryggvi Bj\xf6rgvinsson', u'anonymous']","[u'Stevan Gostoji\u0107', u'Mor Rubinstein', u'anonymous']",123,0,51,41,30,45
bd,Bangladesh,bangladesh,Asia,Asia,"[u'Mor Rubinstein', u'anonymous', u'Tryggvi Bj\xf6rgvinsson', u'Daniela Mattern']","[u'Mor Rubinstein', u'Nasir Khan', u'anonymous']",123,0,66,34,47,34
lt,Lithuania,lithuania,Europe,Europe,"[u'Ploegerieke L', u'Tryggvi Bj\xf6rgvinsson', u'anonymous', u'Karolis Granickas']","[u'Mor Rubinstein', u'anonymous', u'Karolis Granickas']",123,0,70,32,49,32
vi,"Virgin Islands, U.S.",virgin-islands-us,Caribbean,Americas,"[u'Graeme Jones', u'Tryggvi Bj\xf6rgvinsson', u'Daniela Mattern']","[u'Mor Rubinstein', u'Christian Villum', u'Graeme Jones', u'Daniela Mattern']",123,0,72,30,61,0
gh,Ghana,ghana,Sub Saharan Africa,Africa,"[u'Andrews Otoo', u'Jenny Molloy', u'Mor Rubinstein', u'Jerry Sam', u'anonymous', u'Tryggvi Bj\xf6rgvinsson']",Mor Rubinstein,123,0,83,24,61,0
zm,Zambia,zambia,Sub Saharan Africa,Africa,"[u'Mor Rubinstein', u'Fatumata Kabemba', u'Tryggvi Bj\xf6rgvinsson', u'anonymous']","[u'Mor Rubinstein', u'Katelyn Rogers']",123,0,76,27,61,0
gi,Gibraltar,gibraltar,Europe,Europe,None,None,123,0,None,None,None,None
ba,Bosnia and Herzegovina,bosnia-and-herzegovina,Europe,Europe,"[u'Rayna St', u'Mor Rubinstein', u'anonymous']","[u'Rayna St', u'Stevan Gostoji\u0107']",123,0,88,21,61,0
zw,Zimbabwe,zimbabwe,Sub Saharan Africa,Africa,"[u'Mor Rubinstein', u'Katelyn Rogers']","[u'Mor Rubinstein', u'Katelyn Rogers']",123,0,82,24,61,0
ls,Lesotho,lesotho,Sub Saharan Africa,Africa,"[u'Mor Rubinstein', u'Pierre Chrzanowski', u'anonymous', u'Ciar\xe1n Staunton']","[u'Mor Rubinstein', u'Christian Villum', u'Emma Beer']",123,0,87,21,61,0
cy,Cyprus,cyprus,Europe,Europe,anonymous,"[u'Andreas P', u'anonymous']",123,0,88,21,60,3
ye,Yemen,yemen,MENA,Asia,None,None,123,0,None,None,None,None
ht,Haiti,haiti,Caribbean,Americas,"[u'Pierre Chrzanowski', u'Tryggvi Bj\xf6rgvinsson']","[u'Margo Thierry', u'Mor Rubinstein']",123,0,95,13,61,0
sl,Sierra Leone,sierra-leone,Sub Saharan Africa,Africa,Pierre Chrzanowski,Katelyn Rogers,123,0,94,15,61,0
vg,"Virgin Islands, British",virgin-islands-british,Caribbean,Americas,None,None,123,0,None,None,None,None
pe,Peru,peru,Americas,Americas,None,None,123,0,98,0,61,0
am,Armenia,armenia,Europe,Europe,None,None,123,0,98,0,61,0
by,Belarus,belarus,Europe,Europe,None,None,123,0,98,0,61,0
uz,Uzbekistan,uzbekistan,Asia,Asia,None,None,123,0,98,0,61,0
ug,Uganda,uganda,Sub Saharan Africa,Africa,None,None,123,0,98,0,61,0
ve,"Venezuela, Bolivarian Republic of",venezuela,Americas,Americas,None,None,123,0,98,0,61,0
